248476061,Winter,,Hodge
256593948,Sandra,Lee,Duncan
465830040,Cain,,Buckner
239721905,Aileen,,Ford
924954712,Caleb,,Foley
369295480,Uriah,,Gutierrez
674233010,Reece,Lunea,Conner
291935757,Brynne,Desiree,Myers
349195701,Gloria,,Chavez
020380028,Sage,Austin,Forbes
896832193,Omar,Dante,Dillard
792704751,Leroy,,Sherman
645652207,Veda,,Doyle
977159896,Naomi,,Cote
317397180,Nigel,Stephanie,Gonzales
923966162,Chloe,,Wright
265104158,Joshua,,Hall
983623406,Audra,Levi,Hull
211957170,Oscar,,Knight
475219135,Kiayada,,Meyer
115783706,Colton,,Morrison
427085238,Leo,,Saunders
067964700,Fritz,,Hudson
394691224,Aubrey,,Williamson
635043110,Ishmael,,Carlson